{
    "dimensions": [
        0.95,
        0.95,
        0.95,
        0.95,
        0.95,
        0.95,
        0.95,
        0.95,
        0.95,
        0.95,
        0.95,
        0.95,
        0.95,
        0.95
    ],
    "polarizations": [
        [
            0.9750322229316934,
            -0.2220575981501323,
            -0.0016085237564120083
        ],
        [
            0.9913739010453975,
            0.1310295504583283,
            -0.0030075293380147712
        ],
        [
            0.2618674136552167,
            0.9651016510607797,
            -0.0020641669711371647
        ],
        [
            -0.999861287199409,
            0.01660955091950734,
            -0.0012365994473831662
        ],
        [
            0.9710875024219472,
            -0.23871829928307495,
            -0.0016236462979455908
        ],
        [
            0.9999922276832726,
            0.0031778116771997243,
            -0.002333685066664386
        ],
        [
            0.8249333773623627,
            0.5652264421452482,
            -0.0019980023398580068
        ],
        [
            -0.9534450815004791,
            0.3015187389838788,
            -0.005378345853182406
        ],
        [
            -0.9999905914454691,
            -0.0026209895737810346,
            -0.0034565060675626215
        ],
        [
            0.9812850050837544,
            -0.19256046781730146,
            -0.00045280432667790734
        ],
        [
            0.9999967340317562,
            4.6689565638483385e-05,
            -0.0025553367499279523
        ],
        [
            0.8647481675028613,
            0.5021993644712868,
            -0.002530834858098727
        ],
        [
            -0.9572122603431517,
            0.2893331323471051,
            0.005570204212325647
        ],
        [
            -0.9992353749870326,
            -0.015445831348211002,
            0.035917846100327715
        ]
    ],
    "min_radius": 0.12,
    "num_rings": 3,
    "num_magnets": [
        4,
        5,
        5
    ],
    "start_angle": [
        0,
        0,
        0
    ],
    "end_angle": [
        270.0,
        288.0,
        288.0
    ],
    "angles": [
        0.5,
        0.5,
        0.5,
        0.5,
        0.5,
        0.5,
        0.5,
        0.5,
        0.5,
        0.5,
        0.5,
        0.5,
        0.5,
        0.5
    ],
    "amplitude": 0.21286377418659044,
    "improvement_percent": 247.2473921852734
}