{
    "dimensions": [
        0.95,
        0.95,
        0.95
    ],
    "polarizations": [
        [
            0.9980865771665192,
            -0.061831905033098364,
            0.0
        ],
        [
            0.9331170002046515,
            0.35957289098188716,
            0.0
        ],
        [
            -0.9683484106031051,
            0.2496023951857035,
            0.0
        ]
    ],
    "min_radius": 0.03,
    "num_rings": 1,
    "num_magnets": [
        3
    ],
    "start_angle": [
        0
    ],
    "end_angle": [
        240.0
    ],
    "angles": [
        0.5,
        0.5,
        0.5
    ],
    "amplitude": 0.18254729348663273,
    "improvement_percent": 1.6696554355176384e+17
}