{
    "dimensions": [
        [
            0.019050064316255142,
            0.006875483905297301,
            0.00413327713254441
        ],
        [
            0.023804689680725737,
            0.013933350860052525,
            0.003676393144985514
        ],
        [
            0.02110748861135541,
            0.014156040377988356,
            0.0023639387625955283
        ],
        [
            0.013792875005087718,
            0.013942723485717295,
            0.003482800747262183
        ],
        [
            0.011854845569002535,
            0.017645650999766966,
            0.002930601924906501
        ],
        [
            0.027775295323192853,
            0.013714103288963773,
            0.008175949212431383
        ],
        [
            0.011913918874989963,
            0.002994860801101465,
            0.009450381621641305
        ],
        [
            0.008574439227868592,
            0.006494229484165296,
            0.0033545083785762333
        ],
        [
            0.016250377420539506,
            0.017705025477596805,
            0.007763204171540931
        ],
        [
            0.00844345872514071,
            0.00855420443721728,
            0.0031567669523405056
        ]
    ],
    "polarizations": [
        [
            -0.9601156690252811,
            -0.8302807867550164,
            -0.5906028422193785
        ],
        [
            0.5254101389954087,
            1.1943764085316753,
            0.5073550833329669
        ],
        [
            1.0722060984158965,
            0.06755007328528881,
            -0.8976698001597877
        ],
        [
            -0.3349835078871056,
            -0.8682317515813974,
            -1.0459252721822663
        ],
        [
            -0.6220941941421673,
            -0.6166749080785393,
            -1.0921130304876563
        ],
        [
            1.3801709492564715,
            -0.10585796443623721,
            0.2095763397760029
        ],
        [
            -0.973548907514956,
            0.74739466388547,
            -0.6735011069567447
        ],
        [
            -1.1583280248584806,
            -0.37659528963636085,
            -0.6902551518468778
        ],
        [
            -1.11124594098505,
            0.09369531415051058,
            0.8463767758808649
        ],
        [
            1.288407656354574,
            -0.1695488533119226,
            -0.5208252080953124
        ]
    ],
    "radius": [
        0.8341454065139119,
        0.10112012297991185
    ],
    "num_magnets": [
        5,
        5
    ],
    "start_angle": [
        0,
        0
    ],
    "end_angle": [
        270.0,
        300.0
    ],
    "max_dimension": [
        0.03,
        0.02,
        0.01
    ],
    "max_polarization": 1.4,
    "max_radius": 0.15,
    "amplitude": 0.6286657367714978,
    "improvement_percent": 37618.23170138743
}