{
    "dimensions": [
        0.95,
        0.95,
        0.95
    ],
    "polarizations": [
        [
            0.9957388830425573,
            -0.09221755145936239,
            0.0
        ],
        [
            0.8044524978368403,
            0.5940169852151269,
            0.0
        ],
        [
            -0.959531390263625,
            0.2816016887356238,
            0.0
        ]
    ],
    "min_radius": 0.055,
    "num_rings": 1,
    "num_magnets": [
        3
    ],
    "start_angle": [
        0
    ],
    "end_angle": [
        240.0
    ],
    "angles": [
        0.5,
        0.5,
        0.5
    ],
    "amplitude": 0.17984812123277283,
    "improvement_percent": 4.914684507664114e+17
}