{
    "dimensions": [
        0.95,
        0.95,
        0.95,
        0.95,
        0.95,
        0.67897521552393,
        0.95,
        0.6020294400918514,
        0.6789752156664707,
        0.95
    ],
    "polarizations": [
        [
            0.9993662014843896,
            -0.035597687153271725,
            0.0
        ],
        [
            0.7455620224309367,
            0.6664362465447775,
            0.0
        ],
        [
            -0.6644509797296234,
            0.7473318510115459,
            0.0
        ],
        [
            -0.7951497029436856,
            -0.6064131841480433,
            0.0
        ],
        [
            -0.9543324639528098,
            -0.2987466288441748,
            0.0
        ],
        [
            0.15452547075750822,
            -0.9879888050414187,
            0.0
        ],
        [
            0.9796524434803024,
            -0.20070149472057472,
            0.0
        ],
        [
            0.568532660354023,
            0.822660691968917,
            0.0
        ],
        [
            -0.15452547074127737,
            0.9879888050439573,
            0.0
        ],
        [
            -0.9796524434711715,
            0.20070149476514362,
            0.0
        ]
    ],
    "min_radius": 0.12,
    "num_rings": 2,
    "num_magnets": [
        5,
        5
    ],
    "start_angle": [
        0,
        0
    ],
    "end_angle": [
        270.0,
        300.0
    ],
    "angles": [
        0.5,
        0.5,
        0.5,
        0.5,
        0.5,
        0.5,
        0.5,
        0.5,
        0.5,
        0.5
    ],
    "amplitude": 0.10543641258594678,
    "improvement_percent": 121.48285724461046
}